,Total number of qubits,Number of cuts,Number of executions,Expectation error (%),Expectation value,Method
0,8,2,5,0.6370211464819715,0.0047616134205975755,RICCO
1,8,2,25,1.0859803820774236e-12,0.004792140368111597,QCUT
2,7,1,3,0.009360258609774796,0.01567105390092227,RICCO
3,7,1,7,3.3211917875125583e-13,0.01566958718703843,QCUT
4,8,2,5,1.2107073816118408,-0.008167637530934819,RICCO
5,8,2,25,1.468729153342487e-13,-0.008267735616333913,QCUT
6,7,1,3,0.0006242689249390567,0.12159539304651343,RICCO
7,7,1,7,0.0,0.12159463396899917,QCUT
8,8,2,5,0.8871500199034554,0.00797279499036381,RICCO
9,8,2,25,6.146297023455969e-13,0.007902686307216383,QCUT
10,8,2,5,0.0014569553129469017,-0.07977741087619768,RICCO
11,8,2,25,1.0437229382776203e-13,-0.07977857321435863,QCUT
12,7,1,3,0.0034011392337963135,-0.13738557506961005,RICCO
13,7,1,7,0.0,-0.1373902479032349,QCUT
14,8,2,5,0.014393920320298634,0.09163472742030446,RICCO
15,8,2,25,3.0285003602292764e-14,0.09164791914876197,QCUT
16,8,2,5,0.013192694130763133,0.058162290777734126,RICCO
17,8,2,25,5.964327044280077e-14,0.05816996496328767,QCUT
18,8,2,5,0.0302147710352578,-0.052588743512743806,RICCO
19,8,2,25,9.233455315251171e-14,-0.052604637883634224,QCUT
20,7,1,3,0.0017636747426516934,0.020241089022925752,RICCO
21,7,1,7,3.4281832739172594e-14,0.020240732042246988,QCUT
22,7,1,3,0.0004215644316465917,-0.04971271648003582,RICCO
23,7,1,7,4.1873780855157044e-14,-0.049712926052049966,QCUT
24,8,2,5,0.10358553116023864,-0.06486041819909012,RICCO
25,8,2,25,4.27484521763226e-14,-0.0649276738749435,QCUT
26,7,1,3,0.00020915013424541656,-0.08711995965337631,RICCO
27,7,1,7,3.1859098393621574e-14,-0.0871197774422448,QCUT
28,7,1,3,0.0018447511568780196,0.02121965421026619,RICCO
29,7,1,7,1.6349856198939958e-13,0.021220045667304094,QCUT
30,7,1,3,0.0001693752843458187,0.10863400422211981,RICCO
31,7,1,7,6.387415898332157e-14,0.10863382022327785,QCUT
32,7,1,3,0.01045449901698395,0.02948647331300152,RICCO
33,7,1,7,5.883731208576157e-14,0.029483390972182177,QCUT
34,8,2,5,1.604210535598495,0.04831756334901445,RICCO
35,8,2,25,4.2391910706643764e-14,0.04910531600185512,QCUT
36,7,1,3,0.024040216892505867,0.057857915392814166,RICCO
37,7,1,7,0.0,0.05784400956745483,QCUT
38,8,2,5,0.9709267106161382,0.008102309866038916,RICCO
39,8,2,25,4.3236222719699714e-14,0.008024398834389455,QCUT
40,7,1,3,0.020168521345428472,-0.02286952915261645,RICCO
41,7,1,7,3.6416805942389165e-13,-0.02286491763682217,QCUT
42,8,2,5,0.040387014848000946,0.0206785606248134,RICCO
43,8,2,25,3.356953340209155e-14,0.020670212543004537,QCUT
44,7,1,3,0.005385354748793869,0.0027888458294247406,RICCO
45,7,1,7,1.18190545691108e-12,0.00278869564827125,QCUT
46,7,1,3,0.010305775794700517,0.030142814837060664,RICCO
47,7,1,7,1.3810612249513642e-13,0.030145921608152805,QCUT
48,7,1,3,0.0007724979463292817,-0.1541405060021178,RICCO
49,7,1,7,1.8006533080925498e-14,-0.1541416967435596,QCUT
50,7,1,3,0.003004641680417667,-0.06440640819224011,RICCO
51,7,1,7,6.463970536253092e-14,-0.06440834343217258,QCUT
52,8,2,5,0.18143910483297296,-0.04179545204699821,RICCO
53,8,2,25,8.285954209963048e-14,-0.04187142318240115,QCUT
54,7,1,3,0.004167943625960041,0.04611401923951388,RICCO
55,7,1,7,6.01865099520585e-14,0.0461159413259509,QCUT
56,7,1,3,0.0024324366591190983,0.03777123780095831,RICCO
57,7,1,7,1.8370393780243354e-14,0.03777215658474201,QCUT
58,7,1,3,0.001120007065840969,0.24504153166068965,RICCO
59,7,1,7,0.0,0.24504427617389724,QCUT
60,8,2,5,0.011630405191805509,0.030167161260845267,RICCO
61,8,2,25,4.5997611922706797e-14,0.03017067023204235,QCUT
62,8,2,5,0.011032315050249155,0.07498452997073801,RICCO
63,8,2,25,5.552872914387951e-14,0.0749762583537035,QCUT
64,8,2,5,0.40591681074412256,-0.020993194251971714,RICCO
65,8,2,25,2.6549785448066456e-13,-0.02090832385061718,QCUT
66,7,1,3,0.13961884329953525,-0.005205624992250767,RICCO
67,7,1,7,2.6696436710894435e-13,-0.005198367092246095,QCUT
68,8,2,5,0.057217043434780845,-0.039425832724999284,RICCO
69,8,2,25,7.035918528179635e-14,-0.03944840393541331,QCUT
70,7,1,3,0.0004632306060888256,0.14481966344877428,RICCO
71,7,1,7,0.0,0.14481899260287712,QCUT
72,7,1,3,0.014144051466188742,-0.008639978781570624,RICCO
73,7,1,7,7.630668713519782e-13,-0.008638756911346978,QCUT
74,7,1,3,0.0002968656120744162,-0.09155015097434338,RICCO
75,7,1,7,3.0317435544335455e-14,-0.09154987919423418,QCUT
76,7,1,3,0.0008142477436295282,-0.2372776968962058,RICCO
77,7,1,7,3.5092235780536044e-14,-0.23727962894023044,QCUT
78,8,2,5,0.020344838759573814,-0.08346519680146627,RICCO
79,8,2,25,3.326083626061373e-14,-0.08344821939578244,QCUT
80,8,2,5,1.6800358893184435,-0.012651177818625396,RICCO
81,8,2,25,3.6250027020628693e-13,-0.012442145311982976,QCUT
82,8,2,5,0.005140680338683937,0.08134441957976037,RICCO
83,8,2,25,0.0,0.08134023813813096,QCUT
84,8,2,5,0.05732253738884624,-0.05933294316164765,RICCO
85,8,2,25,3.510463707342678e-14,-0.059298951498004036,QCUT
86,7,1,3,5.313819246485425e-05,0.07181480003901344,RICCO
87,7,1,7,7.729760676556781e-14,0.07181483820012044,QCUT
88,8,2,5,0.1145552507214764,-0.032302338190768,RICCO
89,8,2,25,6.436944281555915e-14,-0.03233938465394012,QCUT
90,8,2,5,8.138826003411173,0.006434942353177953,RICCO
91,8,2,25,4.664308081393646e-13,0.005950630861273579,QCUT
92,7,1,3,0.0005321598188511742,-0.10778655031722958,RICCO
93,7,1,7,5.1500725888193334e-14,-0.10778712391699291,QCUT
94,8,2,5,0.014696367860252994,0.022210183217116167,RICCO
95,8,2,25,1.5618678312358628e-14,0.022213447787117403,QCUT
96,7,1,3,0.0006341685098485234,0.03071547221317783,RICCO
97,7,1,7,7.906856358938224e-14,0.030715277426560654,QCUT
98,7,1,3,0.18465962365123254,-0.0024308336187165167,RICCO
99,7,1,7,1.1081739755770174e-12,-0.0024263531241689494,QCUT
100,7,1,3,0.0003159179195129929,-0.030109258796882015,RICCO
101,7,1,7,1.1522893791452368e-14,-0.03010916367663854,QCUT
102,8,2,5,1.214047437580571,0.024479082416014167,RICCO
103,8,2,25,4.200312121862526e-14,0.024779922429301566,QCUT
104,7,1,3,0.0036063058264965884,-0.046025620378992556,RICCO
105,7,1,7,3.0151222771302733e-14,-0.04602728026348246,QCUT
106,7,1,3,0.0021042368092797103,-0.04156918491874232,RICCO
107,7,1,7,1.001564971008845e-13,-0.04156831022305757,QCUT
108,8,2,5,0.5259770715308697,-0.01104665641487693,RICCO
109,8,2,25,6.560823914865382e-13,-0.011105066518542643,QCUT
110,7,1,3,0.0017657919877819607,0.0814774141496781,RICCO
111,7,1,7,5.109713986303808e-14,0.08147885289673433,QCUT
112,8,2,5,0.2777470407995471,0.029529155031884628,RICCO
113,8,2,25,1.8746547468637886e-13,0.029611399818620224,QCUT
114,8,2,5,0.8690274564282928,0.02786842018316407,RICCO
115,8,2,25,3.76727210464534e-14,0.027628322475104848,QCUT
116,8,2,5,0.022459387496041924,-0.07849938038065646,RICCO
117,8,2,25,8.84141034403284e-14,-0.07848175385944355,QCUT
118,8,2,5,0.8030557605231173,0.02074660126884161,RICCO
119,8,2,25,1.0114356082445242e-13,0.02058132177870589,QCUT
120,7,1,3,0.0015754893212064271,0.06177667773380874,RICCO
121,7,1,7,2.0218319054985198e-13,0.06177570446418168,QCUT
122,8,2,5,0.09844911884426161,0.04149761609720112,RICCO
123,8,2,25,5.011417480775845e-14,0.04153851039466568,QCUT
124,7,1,3,0.0005565455332929775,-0.07710458294820294,RICCO
125,7,1,7,5.3996265254474355e-14,-0.07710415382847878,QCUT
126,8,2,5,0.005914786679831352,0.08551523430593469,RICCO
127,8,2,25,8.113739662236238e-14,0.08552029264881277,QCUT
128,8,2,5,0.10515376487273596,0.028748100591182192,RICCO
129,8,2,25,6.040564654050825e-14,0.028717902635368598,QCUT
130,8,2,5,0.5207216348137899,0.021977965110761024,RICCO
131,8,2,25,1.5868225721831003e-13,0.021864113939219137,QCUT
132,8,2,5,0.021298664261466645,-0.15243136965290177,RICCO
133,8,2,25,3.640938753217644e-14,-0.15246384241481778,QCUT
134,8,2,5,0.0587218015615779,0.11778048303213254,RICCO
135,8,2,25,4.715870316491664e-14,0.11771136080042782,QCUT
136,8,2,5,0.054440003299310626,-0.033484677208681916,RICCO
137,8,2,25,6.220162787930971e-14,-0.03346645806780562,QCUT
138,7,1,3,0.0021417761813152976,0.04673672481168488,RICCO
139,7,1,7,1.4846451727818886e-14,0.04673772582916437,QCUT
140,7,1,3,0.00040036946180422396,-0.05679664825832936,RICCO
141,7,1,7,0.0,-0.05679687565567475,QCUT
142,8,2,5,0.4439391827887309,0.015395478359218152,RICCO
143,8,2,25,1.471309899119398e-13,0.01532743387453309,QCUT
144,8,2,5,0.01659462157625109,0.05550998645398877,RICCO
145,8,2,25,6.251168330625192e-14,0.055500776310188175,QCUT
146,8,2,5,14.0205155640242,-0.009671375433834744,RICCO
147,8,2,25,1.6361194243368585e-13,-0.008482136206798802,QCUT
148,7,1,3,0.02446732743937358,-0.02210081986156712,RICCO
149,7,1,7,1.569443166694176e-14,-0.02210622866491906,QCUT
150,8,2,5,0.11012453453864071,0.10870700961325455,RICCO
151,8,2,25,2.5504344214610053e-14,0.10882685468042438,QCUT
152,8,2,5,0.12682233779674149,-0.024318590465213365,RICCO
153,8,2,25,1.7141685858755076e-13,-0.024287788124514778,QCUT
154,7,1,3,0.004889681570703035,-0.05245241594725734,RICCO
155,7,1,7,2.6459155668639897e-14,-0.05244985131654364,QCUT
156,7,1,3,0.00364801005582924,0.07635252454386869,RICCO
157,7,1,7,0.0,0.0763553099932554,QCUT
158,7,1,3,0.002672916717176484,0.07251495243273048,RICCO
159,7,1,7,1.9138340830326016e-14,0.07251301422025128,QCUT
160,7,1,3,0.0003464473468913782,-0.02966001988469852,RICCO
161,7,1,7,4.678938106763124e-14,-0.02966012264140651,QCUT
162,7,1,3,0.013855260922378,0.00588987308004444,RICCO
163,7,1,7,3.533827847101605e-13,0.005890689250410232,QCUT
164,7,1,3,0.002311084395234164,0.09195680818655005,RICCO
165,7,1,7,1.5091985910438278e-14,0.09195468303621973,QCUT
166,8,2,5,0.05634805988336558,0.12296290351982794,RICCO
167,8,2,25,4.511919464033629e-14,0.12303222979434825,QCUT
168,7,1,3,0.012202397763128267,0.023326698997631744,RICCO
169,7,1,7,2.5287673680872547e-13,0.023323852928323802,QCUT
170,8,2,5,0.01198435941663366,0.051024133037364666,RICCO
171,8,2,25,8.158565653834679e-14,0.05103024868577833,QCUT
172,8,2,5,0.19808657382676162,-0.03242155166505453,RICCO
173,8,2,25,4.271941675250389e-14,-0.03248590187505554,QCUT
174,7,1,3,0.004690704006958174,0.03702561964038968,RICCO
175,7,1,7,3.748333966739029e-14,0.03702388295962815,QCUT
176,8,2,5,0.025221463618553833,0.06183385295978877,RICCO
177,8,2,25,7.857266794155001e-14,0.061818261489457536,QCUT
178,7,1,3,0.0013884507347005604,-0.04209284298500983,RICCO
179,7,1,7,4.9454893670416195e-14,-0.04209225855473665,QCUT
180,8,2,5,0.03675638741289029,0.02961221873802325,RICCO
181,8,2,25,1.171196167120568e-13,0.029623107122040797,QCUT
182,7,1,3,0.02836232787019154,-0.03159614282841925,RICCO
183,7,1,7,1.756398155240189e-13,-0.031605106772425826,QCUT
184,8,2,5,0.5701111395407624,0.00984853918559926,RICCO
185,8,2,25,1.5942993832771979e-13,0.009792709855848148,QCUT
186,7,1,3,0.0013975290668491055,0.07136391400041833,RICCO
187,7,1,7,3.8892468430514215e-14,0.0713649113457979,QCUT
188,8,2,5,0.024727045263893223,0.12172090329997166,RICCO
189,8,2,25,6.8424825966719e-14,0.121690812757619,QCUT
190,7,1,3,0.012620026531424095,-0.002816921645704128,RICCO
191,7,1,7,1.2314893856270742e-13,-0.0028172771868325737,QCUT
192,8,2,5,0.08188914532966553,0.06901614016647228,RICCO
193,8,2,25,6.037349600893021e-14,0.06895966968234721,QCUT
194,8,2,5,0.07504061307137676,-0.03382623057307315,RICCO
195,8,2,25,4.105749162580851e-14,-0.03380086619585636,QCUT
196,8,2,5,0.09659945943691939,0.03818191189712797,RICCO
197,8,2,25,5.4467081076890155e-14,0.038218831081355646,QCUT
198,8,2,5,1.9457688819660062,0.004162978369311683,RICCO
199,8,2,25,0.0,0.004083522459996969,QCUT
200,8,2,5,0.005649428904365615,0.08893080127203867,RICCO
201,8,2,25,0.0,0.08892577747346266,QCUT
202,8,2,5,0.00512356320269891,0.06792990118365144,RICCO
203,8,2,25,2.0428524889308623e-14,0.06793338179340334,QCUT
204,8,2,5,0.04936342983510677,-0.05195010407762949,RICCO
205,8,2,25,1.2015224754444994e-13,-0.05197576109598931,QCUT
206,7,1,3,0.004103836934508555,-0.024676254519123128,RICCO
207,7,1,7,1.265335511893688e-13,-0.02467726723393027,QCUT
208,7,1,3,0.0005714303693255163,0.08943087169165084,RICCO
209,7,1,7,1.5517982601755408e-14,0.08943036065941065,QCUT
210,8,2,5,3.964436023550668,0.03368416935639133,RICCO
211,8,2,25,1.9783197928496222e-14,0.03507468271301209,QCUT
212,7,1,3,0.02690688976218095,0.0062661481200397065,RICCO
213,7,1,7,8.861279129031104e-13,0.0062644625480077765,QCUT
214,7,1,3,0.0013660476070926492,0.08825713982241906,RICCO
215,7,1,7,0.0,0.08825593420434175,QCUT
216,8,2,5,0.010620944894983223,-0.07880367043136312,RICCO
217,8,2,25,1.761245597322628e-14,-0.07879530162579759,QCUT
218,7,1,3,0.034860607384184776,0.03572459212363778,RICCO
219,7,1,7,3.8833053373096154e-14,0.03573705027642535,QCUT
220,7,1,3,0.015431886561142532,0.10575582044757974,RICCO
221,7,1,7,2.624091259397025e-14,0.10577214308471389,QCUT
222,8,2,5,0.0008293417541992835,-0.04702007848094235,RICCO
223,8,2,25,2.9514844190930356e-14,-0.04701968852703271,QCUT
224,8,2,5,0.04489703010702869,-0.043757528069748544,RICCO
225,8,2,25,7.932359947443728e-14,-0.04373789105563315,QCUT
226,7,1,3,0.0019767645513052968,0.1677004109179135,RICCO
227,7,1,7,3.310072623117751e-14,0.16770372602572084,QCUT
228,7,1,3,0.004922885216175623,-0.07998504664909806,RICCO
229,7,1,7,6.939849485182049e-14,-0.07998898441498645,QCUT
230,8,2,5,1.0365280590021038,0.013701573041332273,RICCO
231,8,2,25,6.395996891248113e-14,0.013561009374085975,QCUT
232,8,2,5,4.701476447026198,-0.0054190935686996775,RICCO
233,8,2,25,3.6867959105241697e-13,-0.005175756591590619,QCUT
234,7,1,3,0.0009160473659901094,-0.12425843386532673,RICCO
235,7,1,7,5.5841926575968336e-14,-0.12425957214186426,QCUT
236,8,2,5,0.008273639915211704,-0.027456251488653893,RICCO
237,8,2,25,2.5270455465046762e-14,-0.027458523307998438,QCUT
238,8,2,5,0.037850067785657575,-0.14042374029687496,RICCO
239,8,2,25,5.927431512532119e-14,-0.1404769109028748,QCUT
240,7,1,3,0.013755236941572845,0.02645615146474108,RICCO
241,7,1,7,1.3115755657911511e-13,0.02645251285892037,QCUT
242,8,2,5,0.13463725434867566,0.027235934694513804,RICCO
243,8,2,25,3.061353899431055e-13,0.027199314284559323,QCUT
244,7,1,3,0.003963205352372759,-0.017312296344028526,RICCO
245,7,1,7,1.2024694070550604e-13,-0.017311610249364562,QCUT
246,7,1,3,0.012000104970641657,-0.033330978591998156,RICCO
247,7,1,7,6.244696245750727e-14,-0.03333497882444901,QCUT
248,7,1,3,0.002052696131427168,0.07795297385298275,RICCO
249,7,1,7,0.0,0.077954574023508,QCUT
250,7,1,3,0.0026641756483045047,-0.05267618697179538,RICCO
251,7,1,7,7.903429733781755e-14,-0.052677590395330764,QCUT
252,8,2,5,0.05524233776163117,0.033295883521040355,RICCO
253,8,2,25,6.248574865704498e-14,0.033314287112049694,QCUT
254,7,1,3,0.004089796225388209,-0.09409532204219134,RICCO
255,7,1,7,2.9496089568299957e-14,-0.09409917050651487,QCUT
256,8,2,5,3.6630166979519596,0.004822764615619006,RICCO
257,8,2,25,5.890825444724254e-13,0.0050061403734203355,QCUT
258,7,1,3,0.00542266731784311,-0.06417280349455466,RICCO
259,7,1,7,8.6497921274255e-14,-0.06417628356090907,QCUT
260,8,2,5,0.021750024667482683,0.1144858083801327,RICCO
261,8,2,25,1.3331125088815626e-13,0.11451071448878077,QCUT
262,8,2,5,28.55139240939833,0.07954821822412421,RICCO
263,8,2,25,8.725324667345326e-14,0.11133627499073598,QCUT
264,7,1,3,0.000841453112848745,-0.016873922367926758,RICCO
265,7,1,7,1.0280412824402824e-13,-0.016874064355266557,QCUT
266,8,2,5,0.11737227447971661,0.04491123855518743,RICCO
267,8,2,25,1.237469901075096e-13,0.044858587011312734,QCUT
268,8,2,5,0.050304857522296804,0.02760363045397757,RICCO
269,8,2,25,1.0049987177995829e-13,0.027617523409780076,QCUT
270,8,2,5,0.08546656012361867,0.039188172534178924,RICCO
271,8,2,25,1.772173563791582e-14,0.03915470835182419,QCUT
272,8,2,5,0.011433329238508655,0.067827966283654,RICCO
273,8,2,25,6.138784012604413e-14,0.06782021217550568,QCUT
274,8,2,5,0.3150412288942803,0.006914300247835264,RICCO
275,8,2,25,7.676228900485915e-13,0.006892585760951424,QCUT
276,8,2,5,0.0003619686037920157,0.051433568990308355,RICCO
277,8,2,25,5.3964126205841275e-14,0.051433382817610715,QCUT
278,8,2,5,0.7857338168833528,0.052893384784991275,RICCO
279,8,2,25,1.32217198204572e-13,0.05248102363484568,QCUT
280,7,1,3,6.753380235007836e-06,-0.060704803280488495,RICCO
281,7,1,7,5.715276219952261e-14,-0.06070479918086262,QCUT
282,7,1,3,0.011408538310664887,-0.015518156974101222,RICCO
283,7,1,7,7.825961354980698e-14,-0.015516386781170873,QCUT
284,8,2,5,0.12122067216223355,0.11375101075554067,RICCO
285,8,2,25,1.221493370756668e-14,0.11361328796420483,QCUT
286,8,2,5,0.08972363101100264,-0.022215762518297343,RICCO
287,8,2,25,1.7163342643985851e-13,-0.022235713207568328,QCUT
288,7,1,3,0.0003527820978156897,-0.1573676835443173,RICCO
289,7,1,7,1.7637467176997863e-14,-0.15736712838126055,QCUT
290,8,2,5,0.014322614862336578,-0.026273838148159374,RICCO
291,8,2,25,1.3206840385904882e-14,-0.026270075586409085,QCUT
292,8,2,5,0.15703408192970758,-0.02436247913750375,RICCO
293,8,2,25,4.27899206789679e-14,-0.024324281725010874,QCUT
294,7,1,3,0.001118196124110356,-0.03420604594641304,RICCO
295,7,1,7,2.0285804168129993e-14,-0.03420566346001,QCUT
296,8,2,5,0.9870198978893913,0.05414159846855409,RICCO
297,8,2,25,2.0303517693509168e-13,0.05468131391734554,QCUT
298,8,2,5,0.01837935326432603,-0.10684775524261854,RICCO
299,8,2,25,3.8957965364817175e-14,-0.1068673967789969,QCUT
300,7,1,3,0.002229596779924792,-0.0799537720697838,RICCO
301,7,1,7,1.73568776429861e-14,-0.07995555475625803,QCUT
302,7,1,3,0.00046923439177092366,-0.02137886711338044,RICCO
303,7,1,7,3.24566372363472e-14,-0.021378967430848224,QCUT
304,7,1,3,0.0035303435180057824,0.06660788914371775,RICCO
305,7,1,7,8.333726261337922e-14,0.06661024071403307,QCUT
306,7,1,3,0.0005246595219128397,0.05020151176775749,RICCO
307,7,1,7,4.146602714141495e-14,0.050201775156151034,QCUT
308,8,2,5,0.008721723814621652,-0.07947446525156608,RICCO
309,8,2,25,0.0,-0.07946753431270104,QCUT
310,8,2,5,0.16644487780792944,-0.15904486676176988,RICCO
311,8,2,25,0.0,-0.15931003014678347,QCUT
312,7,1,3,0.005138112779072053,-0.007679509041204444,RICCO
313,7,1,7,1.3554089971511947e-13,-0.007679114479642035,QCUT
314,7,1,3,0.007953036321759734,0.02724598475336852,RICCO
315,7,1,7,2.5469608896414673e-14,0.02724381804262415,QCUT
316,8,2,5,0.022320318046165185,-0.07757672653864338,RICCO
317,8,2,25,0.0,-0.07755941503053382,QCUT
318,7,1,3,0.0015668817974308796,0.13541226036581266,RICCO
319,7,1,7,0.0,0.13541438214911766,QCUT
320,8,2,5,0.042699656739328525,-0.10394732743840622,RICCO
321,8,2,25,4.0069467636283886e-14,-0.1039029612306187,QCUT
322,8,2,5,1.8829848332893675,-0.010555922123887024,RICCO
323,8,2,25,8.37154743653107e-14,-0.01036082927994269,QCUT
324,7,1,3,0.0014120242929997735,-0.21764319161332715,RICCO
325,7,1,7,2.5505216583544162e-14,-0.21764626483145932,QCUT
326,7,1,3,0.007128256204856367,0.024566214303192127,RICCO
327,7,1,7,8.474307567781145e-14,0.02456446328531378,QCUT
328,8,2,5,0.09402143634456123,-0.03373217198497895,RICCO
329,8,2,25,1.027560552471889e-13,-0.03376391730499533,QCUT
330,8,2,5,0.25280561632983406,0.014019624703455592,RICCO
331,8,2,25,4.961927273055202e-14,0.013984271679247625,QCUT
332,8,2,5,0.023593928009958885,-0.08911508636386169,RICCO
333,8,2,25,1.5569208378365165e-14,-0.08913611707515526,QCUT
334,8,2,5,0.051129284944336946,-0.023677857653423756,RICCO
335,8,2,25,0.0,-0.023665757520826697,QCUT
336,8,2,5,0.40321626984098186,0.04657723530041307,RICCO
337,8,2,25,2.2256307540043218e-13,0.04676580262531998,QCUT
338,7,1,3,0.0005682146090506218,0.1480176935538587,RICCO
339,7,1,7,1.8751418994577275e-14,0.1480185346167965,QCUT
340,8,2,5,0.059710297954503645,-0.01795259106823719,RICCO
341,8,2,25,3.867429003279666e-14,-0.017941877919472847,QCUT
342,7,1,3,0.008975664277568995,0.029560296002161708,RICCO
343,7,1,7,9.390321010616593e-14,0.029557643007357033,QCUT
344,8,2,5,0.01912718516401301,0.09479537286001806,RICCO
345,8,2,25,2.9273862128551034e-14,0.0948135080152566,QCUT
346,7,1,3,0.0067384311431239,-0.05377592639592617,RICCO
347,7,1,7,1.2904215587852213e-14,-0.05377230298631537,QCUT
348,8,2,5,0.805006419376956,-0.02485907230937786,RICCO
349,8,2,25,4.15323344142882e-14,-0.025060813466531513,QCUT
350,7,1,3,0.008041200308007201,0.03950687616402101,RICCO
351,7,1,7,3.513034969130247e-14,0.039503699592407696,QCUT
352,7,1,3,0.00015569532264041896,-0.03593168811142024,RICCO
353,7,1,7,5.793413896327689e-14,-0.03593163216754958,QCUT
354,8,2,5,0.041003998566986284,0.05856039533577384,RICCO
355,8,2,25,0.0,0.05853639307399661,QCUT
356,7,1,3,0.0009574995001448437,-0.0426288228257268,RICCO
357,7,1,7,1.6277625990633646e-14,-0.04262841465886952,QCUT
358,8,2,5,63.394791602165284,0.006507451554266708,RICCO
359,8,2,25,9.582530314025813e-13,0.003982655438682009,QCUT
360,7,1,3,0.03286277255028316,-0.02918324557582648,RICCO
361,7,1,7,1.3073040368760625e-13,-0.029192839152158062,QCUT
362,8,2,5,0.1799661896470157,0.03774868398799848,RICCO
363,8,2,25,3.682979554508341e-14,0.03768087115994614,QCUT
364,8,2,5,0.12491944260573043,-0.13043038928048564,RICCO
365,8,2,25,4.250681709714919e-14,-0.1305935259852255,QCUT
366,7,1,3,0.0031033519154997635,-0.04892583702768018,RICCO
367,7,1,7,1.1346330959289676e-13,-0.04892431873389755,QCUT
368,7,1,3,0.001004939334798052,0.1032052900941282,RICCO
369,7,1,7,4.033993315209586e-14,0.10320632725510683,QCUT
370,8,2,5,0.3323556292074317,0.006039560270455813,RICCO
371,8,2,25,8.588165101907636e-14,0.006059700024600653,QCUT
372,8,2,5,0.003810947132953648,-0.018609584486025007,RICCO
373,8,2,25,1.3049836309020454e-13,-0.01861029371447973,QCUT
374,7,1,3,0.003844676937635717,-0.08573661924058842,RICCO
375,7,1,7,0.0,-0.08573332307128843,QCUT
376,8,2,5,4.167898489697861,-0.002085763391550943,RICCO
377,8,2,25,1.5143624350657854e-12,-0.002176476732409704,QCUT
378,8,2,5,0.12242005753638416,0.023576048003155953,RICCO
379,8,2,25,7.348983282810964e-14,0.02360494519063975,QCUT
380,8,2,5,0.035536719749824,0.08540649984161462,RICCO
381,8,2,25,8.121662943090264e-14,0.08543686129957763,QCUT
382,8,2,5,0.28406094432577106,-0.13270603430507963,RICCO
383,8,2,25,4.1711340423006994e-14,-0.13308407418295087,QCUT
384,7,1,3,0.0008891568549169777,0.0977082028891842,RICCO
385,7,1,7,2.8406849768500397e-14,0.09770733411772511,QCUT
386,8,2,5,0.03922200388471636,-0.12060954260062687,RICCO
387,8,2,25,1.0359800385142869e-13,-0.12056225566802513,QCUT
388,7,1,3,2.0751685569248728e-05,-0.0835441828229386,RICCO
389,7,1,7,1.661131896771506e-14,-0.08354416548611608,QCUT
390,8,2,5,0.005431540668654096,0.060274866535720374,RICCO
391,8,2,25,1.2662605751347523e-13,0.06027814056743953,QCUT
392,8,2,5,0.1624570812161105,-0.18553862847455035,RICCO
393,8,2,25,2.9870313201555195e-14,-0.18584053959088603,QCUT
394,8,2,5,7.1849481905718156,-0.012913596502069538,RICCO
395,8,2,25,6.911273557023201e-13,-0.012047957031345126,QCUT
396,8,2,5,0.00324773766489894,-0.08914066482574719,RICCO
397,8,2,25,1.2455135755682709e-13,-0.08913776986482153,QCUT
398,7,1,3,0.009453940513849369,-0.09157938053591407,RICCO
399,7,1,7,3.03105343678877e-14,-0.09157072349418685,QCUT
400,7,1,3,0.01563536438015521,0.012117334734030975,RICCO
401,7,1,7,2.862761958319466e-14,0.012119229619742093,QCUT
402,8,2,5,0.031342953824502896,0.035791665610604775,RICCO
403,8,2,25,1.9392974983994262e-14,0.03578045096038206,QCUT
404,7,1,3,0.00021167093737234263,-0.02383180663228744,RICCO
405,7,1,7,2.9116166888196097e-14,-0.023831756187385734,QCUT
406,7,1,3,0.002017544698982284,0.023856937890046902,RICCO
407,7,1,7,1.163440829024133e-13,0.02385645657537193,QCUT
408,7,1,3,0.000734416662466038,-0.1744567602653902,RICCO
409,7,1,7,0.0,-0.17445547903528358,QCUT
410,8,2,5,0.0603526289392531,-0.031602097821310654,RICCO
411,8,2,25,1.5360670980640979e-13,-0.03162118203597098,QCUT
412,8,2,5,0.5107266147880344,-0.018675437737137583,RICCO
413,8,2,25,1.848271302428431e-13,-0.01877130780202628,QCUT
414,7,1,3,0.004215850442553959,0.06028940127449311,RICCO
415,7,1,7,8.056177133438197e-14,0.06029194309264285,QCUT
416,7,1,3,0.0032043372726037775,-0.0909625890934861,RICCO
417,7,1,7,1.0679954084502788e-13,-0.09095967443873512,QCUT
418,7,1,3,0.0049944566005354725,-0.006010832219737944,RICCO
419,7,1,7,5.195051358319992e-13,-0.0060105320263243965,QCUT
420,7,1,3,0.003583605323976875,-0.023302836207637158,RICCO
421,7,1,7,0.0,-0.023302001155883142,QCUT
422,7,1,3,0.0017472517332492875,0.04184108216936361,RICCO
423,7,1,7,4.9752645850054316e-14,0.04184035111310361,QCUT
424,8,2,5,0.030369974932541538,0.020014318240494208,RICCO
425,8,2,25,1.213069197798893e-13,0.020020398430478915,QCUT
426,7,1,3,0.012031103803558594,0.01385105637309749,RICCO
427,7,1,7,1.1270355491926561e-13,0.013852723008582287,QCUT
428,8,2,5,0.04781982350869608,-0.07800429374363539,RICCO
429,8,2,25,7.113019454937191e-14,-0.07804161310528562,QCUT
430,8,2,5,0.26173685343263053,-0.01254189936203471,RICCO
431,8,2,25,3.466906878322336e-13,-0.012509158284749343,QCUT
432,8,2,5,0.08245963809538166,-0.0028510574337762135,RICCO
433,8,2,25,4.103645127948386e-13,-0.0028534103456206,QCUT
434,7,1,3,0.0022749693339467465,-0.19522807612282794,RICCO
435,7,1,7,0.0,-0.1952236348450026,QCUT
436,8,2,5,0.2516285916789111,0.022085729383966177,RICCO
437,8,2,25,3.1497054156454107e-14,0.02203029486325904,QCUT
438,8,2,5,1.4396746192065526,0.011363269217885781,RICCO
439,8,2,25,3.0092556457055635e-14,0.011529252946338334,QCUT
440,7,1,3,0.0015039817601890885,0.1084638388356047,RICCO
441,7,1,7,1.2794659710920732e-14,0.10846547013649165,QCUT
442,8,2,5,0.18609382737344332,-0.04269909664466498,RICCO
443,8,2,25,4.884276696766358e-14,-0.04261978385766594,QCUT
444,8,2,5,0.01367399426925101,0.10723210859778542,RICCO
445,8,2,25,1.2943590905019882e-14,0.10721744769013263,QCUT
446,8,2,5,0.3025688039318802,-0.17853102178095612,RICCO
447,8,2,25,0.0,-0.17907284033211585,QCUT
448,7,1,3,0.019561022661098357,-0.02795668515568934,RICCO
449,7,1,7,1.7370713239657816e-13,-0.027962154839133904,QCUT
450,7,1,3,0.001983504138990376,-0.12289169937293443,RICCO
451,7,1,7,0.0,-0.12288926185933907,QCUT
452,7,1,3,0.0008882620287024948,-0.2884037198838322,RICCO
453,7,1,7,0.0,-0.2884011581258542,QCUT
454,7,1,3,6.885357822049374e-05,0.0707309242357872,RICCO
455,7,1,7,0.0,0.07073097293659297,QCUT
456,7,1,3,0.007368065072184116,0.03202706935290517,RICCO
457,7,1,7,1.0833656195108415e-13,0.03202470975145147,QCUT
458,7,1,3,0.01030941716133208,-0.0740502114368725,RICCO
459,7,1,7,1.8742982980790414e-14,-0.07404257807862136,QCUT
460,8,2,5,0.03434374229455877,-0.12215438639862622,RICCO
461,8,2,25,6.814174455035161e-14,-0.12219635319926224,QCUT
462,8,2,5,0.5161504387896685,0.04600531392681052,RICCO
463,8,2,25,1.5160659584532785e-14,0.04576907663691909,QCUT
464,8,2,5,0.010165236419380974,0.10566818810847413,RICCO
465,8,2,25,9.192420294498105e-14,0.10567893062161719,QCUT
466,8,2,5,0.20131313782581808,0.007457007645424937,RICCO
467,8,2,25,6.732688047132319e-13,0.007472049863465039,QCUT
468,8,2,5,0.057658309708574454,0.04336663544414364,RICCO
469,8,2,25,0.0,0.04334164538401533,QCUT
470,8,2,5,0.23875221620861165,0.05338912378709691,RICCO
471,8,2,25,7.816716409828964e-14,0.05326195967796958,QCUT
472,8,2,5,0.14239943024358603,-0.036510978628071386,RICCO
473,8,2,25,1.5182311116022513e-13,-0.03656304419468427,QCUT
474,7,1,3,0.002639592852400027,-0.022695656594373757,RICCO
475,7,1,7,1.681507161548212e-13,-0.02269625568311657,QCUT
476,8,2,5,0.13358814601194233,0.053874024706085294,RICCO
477,8,2,25,1.029011573127119e-13,0.053946090287946835,QCUT
478,7,1,3,0.0004770348368789455,0.0809214925600808,RICCO
479,7,1,7,1.7149611514676898e-14,0.08092187858563232,QCUT
480,8,2,5,0.09939122944591733,-0.07465404631007727,RICCO
481,8,2,25,3.7141977398808256e-14,-0.07472831970577709,QCUT
482,7,1,3,0.004007077893594762,0.15914536989409742,RICCO
483,7,1,7,1.74410903827326e-14,0.15913899307068602,QCUT
484,8,2,5,0.8246556840677491,-0.007445880993724554,RICCO
485,8,2,25,4.5055985507619746e-13,-0.007507794447383055,QCUT
486,7,1,3,0.001356066416156468,-0.05784639854774499,RICCO
487,7,1,7,2.3991080427210496e-14,-0.057845614122798664,QCUT
488,8,2,5,0.3605137521368498,0.05244172504845707,RICCO
489,8,2,25,7.910355615589204e-14,0.05263146873118464,QCUT
490,7,1,3,0.003346032496620592,0.0597177573450018,RICCO
491,7,1,7,4.647637175104361e-14,0.05971975558743063,QCUT
492,8,2,5,0.0352317064838587,0.08259216899472763,RICCO
493,8,2,25,3.3617417627493416e-14,0.08256308061250217,QCUT
494,8,2,5,0.13380261025265316,0.032019883824530325,RICCO
495,8,2,25,6.492474664226347e-14,0.032062784667334886,QCUT
496,8,2,5,0.05498697215690563,0.05205801152987491,RICCO
497,8,2,25,1.7337431730093024e-13,0.05202940213700834,QCUT
498,8,2,5,0.3340353596555643,-0.04468483587110623,RICCO
499,8,2,25,6.232156504454814e-14,-0.04453606965067218,QCUT
500,7,1,3,0.10733192514653957,-0.0020323004461152705,RICCO
501,7,1,7,3.4106405225397183e-13,-0.002034484097063442,QCUT
502,8,2,5,0.012937988364759291,-0.030494893640236387,RICCO
503,8,2,25,9.100534971490415e-14,-0.03049883957655216,QCUT
504,7,1,3,0.011179521623486505,0.04268334204036721,RICCO
505,7,1,7,4.876458475675014e-14,0.042688114367343544,QCUT
506,8,2,5,0.0031107073844435494,-0.10298169479426564,RICCO
507,8,2,25,1.347639455042002e-14,-0.10297849143472818,QCUT
508,7,1,3,0.027286556742896314,0.016081149019797344,RICCO
509,7,1,7,2.1568734019393567e-13,0.01608553820930826,QCUT
510,8,2,5,0.12909894525719343,0.033178757132541314,RICCO
511,8,2,25,2.0886665035044285e-14,0.0332216459270302,QCUT
512,7,1,3,0.007900492077092857,-0.014862700509544352,RICCO
513,7,1,7,2.2174396934305787e-13,-0.014863874828797584,QCUT
514,8,2,5,0.09676809485332118,0.018495048215261548,RICCO
515,8,2,25,2.061469942270151e-13,0.018512962856718936,QCUT
516,8,2,5,0.14449356560352253,0.0871806162450459,RICCO
517,8,2,25,7.970716953399956e-14,0.08705482762058699,QCUT
518,8,2,5,0.12208906465973722,0.04786706245822293,RICCO
519,8,2,25,0.0,0.04792557434367192,QCUT
520,8,2,5,0.0847176475003663,0.04393177399198814,RICCO
521,8,2,25,6.323234179299644e-14,0.043894587530052716,QCUT
522,7,1,3,0.0026668839660487294,0.07601222785826003,RICCO
523,7,1,7,3.65155930916561e-14,0.07601020075440358,QCUT
524,7,1,3,0.001187027906722869,-0.056596103487943535,RICCO
525,7,1,7,7.35613702322633e-14,-0.0565967753074607,QCUT
526,7,1,3,0.0037038688132983197,0.06398237167941886,RICCO
527,7,1,7,2.1689214432830652e-14,0.06398474159030788,QCUT
528,8,2,5,0.03220285175369028,0.13425478259236,RICCO
529,8,2,25,2.0667150169992527e-14,0.134298030387994,QCUT
530,7,1,3,0.006761475056005703,0.03700266624221722,RICCO
531,7,1,7,7.501473574972194e-14,0.03700016448532489,QCUT
532,8,2,5,0.9336449106380644,0.014908373176302147,RICCO
533,8,2,25,2.818689249674182e-13,0.014770469440097286,QCUT
534,7,1,3,0.0005628824102844325,-0.12371877984931748,RICCO
535,7,1,7,5.6086335236830755e-14,-0.1237180834619874,QCUT
536,7,1,3,0.006296526445936179,0.016795441445899995,RICCO
537,7,1,7,4.131154883286077e-14,0.016796499041904167,QCUT
538,7,1,3,0.013251679630617432,-0.010196834885914918,RICCO
539,7,1,7,8.505058752962561e-14,-0.010198186316893775,QCUT
540,7,1,3,0.0017201449254741136,-0.027703637784271123,RICCO
541,7,1,7,2.8803404046589455e-13,-0.027704114335187928,QCUT
542,7,1,3,0.0011504064373403914,-0.02157291876136118,RICCO
543,7,1,7,1.44740096128479e-13,-0.02157316694046243,QCUT
544,8,2,5,0.2792903298755853,0.0314510080396544,RICCO
545,8,2,25,6.637250120703249e-14,0.031363413059859256,QCUT
546,7,1,3,0.0005128173679269845,-0.10511518183798693,RICCO
547,7,1,7,1.3202525774926059e-14,-0.10511464279184247,QCUT
548,8,2,5,0.3165759608693935,0.021518754828684185,RICCO
549,8,2,25,4.8521818497684436e-14,0.02145084660493002,QCUT
550,7,1,3,0.029822918381783206,0.003948488132531208,RICCO
551,7,1,7,5.273636175365606e-13,0.003947310929214534,QCUT
552,7,1,3,0.002105206873968348,-0.152509185602422,RICCO
553,7,1,7,7.27986575189577e-14,-0.15250597503615243,QCUT
554,7,1,3,0.0010366225875114152,-0.044296338284713244,RICCO
555,7,1,7,4.6994623727917107e-14,-0.0442958791036251,QCUT
556,8,2,5,0.09743201019620693,0.07731362514732863,RICCO
557,8,2,25,1.7932500738081847e-14,0.07738902683184216,QCUT
558,8,2,5,0.08908507205859319,-0.07018800935174116,RICCO
559,8,2,25,3.9509383151359503e-14,-0.07025059214237281,QCUT
560,8,2,5,0.0024404717885885886,-0.1447786457052553,RICCO
561,8,2,25,0.0,-0.1447821790734905,QCUT
562,7,1,3,0.001332710314595707,-0.08507642048524626,RICCO
563,7,1,7,9.787155673418247e-14,-0.08507755432258804,QCUT
564,8,2,5,0.35023121495069665,0.11056006636152013,RICCO
565,8,2,25,2.5016597616262005e-14,0.11094864314236894,QCUT
566,7,1,3,0.0005590511060341184,0.30763788115082724,RICCO
567,7,1,7,1.8044215064768733e-14,0.30763960101341925,QCUT
568,8,2,5,3.706535154133926,0.007545825902246241,RICCO
569,8,2,25,5.755640193130082e-13,0.007836280389665658,QCUT
570,8,2,5,0.06351327959617444,0.08633907199290525,RICCO
571,8,2,25,3.212676080368798e-14,0.08639394361987067,QCUT
572,7,1,3,0.005828867884054368,0.11613413078855164,RICCO
573,7,1,7,2.3900978345461794e-14,0.1161273618780505,QCUT
574,8,2,5,0.07574642464225728,0.028406370275518386,RICCO
575,8,2,25,1.7112024029883572e-13,0.028384869751542183,QCUT
576,7,1,3,0.007833960505211245,-0.0388960893012821,RICCO
577,7,1,7,0.0,-0.03889304243569841,QCUT
578,7,1,3,0.007151236554760825,-0.010394715938641275,RICCO
579,7,1,7,6.675882401776965e-14,-0.010393972641070282,QCUT
580,8,2,5,0.21336393893141398,0.10163821391859063,RICCO
581,8,2,25,4.087491430399347e-14,0.10185553690414902,QCUT
582,8,2,5,0.8621722323183519,0.004550695867999584,RICCO
583,8,2,25,3.844862040546162e-13,0.004511796412155263,QCUT
584,7,1,3,0.0012795881136086619,-0.05654953994773844,RICCO
585,7,1,7,0.0,-0.056550263558189144,QCUT
586,7,1,3,0.004003247974608984,-0.035388057481976216,RICCO
587,7,1,7,1.3725057636797574e-13,-0.03538947421038572,QCUT
588,8,2,5,0.011617926399525216,0.07964995935116512,RICCO
589,8,2,25,5.2264341161040713e-14,0.07965921410002966,QCUT
590,8,2,5,0.628578833619916,-0.00819771896093336,RICCO
591,8,2,25,1.6822429552415042e-13,-0.008249574037194958,QCUT
592,7,1,3,0.028968999754956377,-0.014901157834359918,RICCO
593,7,1,7,5.819081185552035e-14,-0.014905475801608352,QCUT
594,8,2,5,0.07451166368279498,-0.10451944080357889,RICCO
595,8,2,25,0.0,-0.10444161961522633,QCUT
596,7,1,3,0.002024597365519226,-0.039737362140088384,RICCO
597,7,1,7,8.730767526518836e-14,-0.039738166677964086,QCUT
598,7,1,3,0.0032966724565425616,0.057974412508170335,RICCO
599,7,1,7,7.181097506068123e-14,0.05797632379766833,QCUT
600,7,1,3,0.0018088130666411776,0.03814023043841229,RICCO
601,7,1,7,9.096390232214421e-14,0.038140920336363036,QCUT
602,7,1,3,0.0051360277784677335,0.14458000452813904,RICCO
603,7,1,7,1.919639591389938e-14,0.1445874305787377,QCUT
604,7,1,3,0.0011244957862276963,0.12891202028677737,RICCO
605,7,1,7,2.153087637922474e-14,0.1289105706928419,QCUT
606,7,1,3,0.026396883586666003,0.02806725260884141,RICCO
607,7,1,7,7.418672912930773e-14,0.028059845684041573,QCUT
608,7,1,3,0.01211256214044938,-0.0289673163831383,RICCO
609,7,1,7,1.55683552708093e-13,-0.02897082549237862,QCUT
610,8,2,5,0.3205195847778493,0.011918954231363084,RICCO
611,8,2,25,1.460097564499187e-14,0.011880873704298089,QCUT
612,7,1,3,0.002120637476923499,-0.06162245306476935,RICCO
613,7,1,7,1.1260094997889045e-13,-0.06162375988131601,QCUT
614,8,2,5,0.32776527588192045,-0.016132553753712718,RICCO
615,8,2,25,1.5004770811000037e-13,-0.016185604545103108,QCUT
616,8,2,5,0.022314280235173598,0.023959236416371713,RICCO
617,8,2,25,1.302965352736013e-13,0.023964583940789423,QCUT
618,7,1,3,0.004035013568292361,-0.007706797187610417,RICCO
619,7,1,7,0.0,-0.007707108170470819,QCUT
620,7,1,3,0.0023584292031313685,0.03441009806177445,RICCO
621,7,1,7,2.0165759308067492e-14,0.03440928654311203,QCUT
622,7,1,3,0.000835919449956551,0.07420797690737847,RICCO
623,7,1,7,7.48054556574879e-14,0.07420735659365135,QCUT
624,8,2,5,0.5982941951079612,0.0051343749477928274,RICCO
625,8,2,25,6.381020110411377e-13,0.005165278509275012,QCUT
626,7,1,3,0.006336899437044933,0.05288537722713738,RICCO
627,7,1,7,0.0,0.05288202614632022,QCUT
628,8,2,5,0.003946134398429015,0.029984997125499124,RICCO
629,8,2,25,3.239642838550889e-13,0.029986180420479375,QCUT
630,7,1,3,0.0006910788079682375,-0.0715394084246296,RICCO
631,7,1,7,5.819600220479076e-14,-0.0715399028217372,QCUT
632,7,1,3,9.999276137286245e-05,0.12665765515815489,RICCO
633,7,1,7,2.1913877479049758e-14,0.12665752850979461,QCUT
634,7,1,3,0.0009461122597651385,-0.05674160598195484,RICCO
635,7,1,7,2.445810066017482e-14,-0.05674106914774332,QCUT
636,8,2,5,33.59264229929897,0.008241591340300378,RICCO
637,8,2,25,4.780250336582008e-13,0.006169195547338602,QCUT
638,7,1,3,0.00416448955597013,0.12129535949835063,RICCO
639,7,1,7,2.2881683068805782e-14,0.12130041104129977,QCUT
640,7,1,3,0.013615295099283602,0.024542838825946156,RICCO
641,7,1,7,1.837467532361867e-13,0.024546180860905927,QCUT
642,8,2,5,0.042927861293253815,0.10302278762255068,RICCO
643,8,2,25,5.3905531254625655e-14,0.10297858112008564,QCUT
644,8,2,5,0.020523937942704552,-0.05013092609667695,RICCO
645,8,2,25,8.306630551530185e-14,-0.050120639367756584,QCUT
646,8,2,5,0.032216730856497816,-0.07700688099815628,RICCO
647,8,2,25,3.605459303745521e-14,-0.07698207988867078,QCUT
648,7,1,3,0.00018162767990024083,-0.11531456597177525,RICCO
649,7,1,7,0.0,-0.11531477541532642,QCUT
650,7,1,3,0.009906088188700132,-0.028973239075568494,RICCO
651,7,1,7,9.580677201823014e-14,-0.028970369245242496,QCUT
652,7,1,3,0.028036131679928807,-0.0046101395621894435,RICCO
653,7,1,7,4.5141465325926327e-13,-0.004611432429457718,QCUT
654,7,1,3,0.004634456018911836,0.030943404352581316,RICCO
655,7,1,7,1.345405743633163e-13,0.030944838477510637,QCUT
656,8,2,5,0.018585942384781073,-0.019379655331379197,RICCO
657,8,2,25,1.0743509279279482e-13,-0.019376054109126052,QCUT
658,7,1,3,0.0039123515705044975,-0.08217683638880205,RICCO
659,7,1,7,5.066115514951684e-14,-0.08218005156133991,QCUT
660,7,1,3,0.04760999459309937,-0.018205377565948977,RICCO
661,7,1,7,2.0953010446906803e-13,-0.01821404927382339,QCUT
662,8,2,5,2.302865555208804,-0.0007031583240045443,RICCO
663,8,2,25,9.590660746288156e-12,-0.000687330037324331,QCUT
664,8,2,5,0.13941211586443933,-0.007117029600364332,RICCO
665,8,2,25,2.5628655318781356e-13,-0.007107121412026789,QCUT
666,7,1,3,0.004432854638753573,0.02126838616306321,RICCO
667,7,1,7,1.3049577451959508e-13,0.02126932900150051,QCUT
668,7,1,3,0.07121872958229135,-0.004885890204420533,RICCO
669,7,1,7,7.095894321927533e-14,-0.004889372353295101,QCUT
670,8,2,5,0.19950861608688777,0.01871969092323838,RICCO
671,8,2,25,3.6993400377733475e-14,0.018757112979762163,QCUT
672,8,2,5,0.16152722140266815,-0.003705758072157313,RICCO
673,8,2,25,1.5941641832606827e-12,-0.0036997819172285146,QCUT
674,7,1,3,0.00255522609753576,0.13274109127242165,RICCO
675,7,1,7,6.27270714709356e-14,0.13274448319409918,QCUT
676,7,1,3,0.006114147687069443,0.021666837817829722,RICCO
677,7,1,7,5.124379083997553e-13,0.02166551315635829,QCUT
678,8,2,5,0.012202722697250248,-0.10281215318960071,RICCO
679,8,2,25,1.3496550659981023e-14,-0.10282470060267955,QCUT
680,7,1,3,0.0008864602070780617,0.15791685888331125,RICCO
681,7,1,7,0.0,0.15791545902560616,QCUT
682,8,2,5,0.007472213063578279,-0.05618221419575482,RICCO
683,8,2,25,6.174886050944163e-14,-0.05618641256421437,QCUT
684,8,2,5,0.006575134718923645,-0.12025816643681266,RICCO
685,8,2,25,6.923542443262558e-14,-0.12026607409320553,QCUT
686,8,2,5,0.07814692264528397,-0.031372926122582495,RICCO
687,8,2,25,2.210017435021763e-14,-0.03139746227313766,QCUT
688,8,2,5,31.523533765425025,-0.04901627196868534,RICCO
689,8,2,25,1.8618875120659684e-14,-0.03726806189385612,QCUT
690,8,2,5,0.17076230479248414,-0.02770251137197369,RICCO
691,8,2,25,3.12563940311104e-13,-0.02774989773692691,QCUT
692,7,1,3,0.0147818870609605,0.016199169502416632,RICCO
693,7,1,7,2.1414271279191394e-14,0.01620156439936826,QCUT
694,8,2,5,0.43597205042544246,0.0400000720401652,RICCO
695,8,2,25,1.393826598099928e-13,0.03982643989354978,QCUT
696,8,2,5,0.8388104746671744,-0.024418473502309974,RICCO
697,8,2,25,8.453464219658492e-14,-0.024625030840389202,QCUT
698,8,2,5,0.019316519048710026,0.019833183518452133,RICCO
699,8,2,25,1.7496521045683321e-13,0.019829353177668298,QCUT
700,7,1,3,0.02312502847243069,-0.051091799736109875,RICCO
701,7,1,7,2.7156175036101723e-14,-0.051103617462198436,QCUT
702,8,2,5,0.07583284570637508,0.06195739592027561,RICCO
703,8,2,25,5.6039765402265935e-14,0.06191044746617243,QCUT
704,8,2,5,0.03414984132045283,0.023289942730022273,RICCO
705,8,2,25,3.4250848177330266e-13,0.023297898925536263,QCUT
706,8,2,5,0.4761302808989782,0.0258072487253886,RICCO
707,8,2,25,2.566463223365664e-13,0.025684954877581132,QCUT
708,7,1,3,0.07079165533956781,0.0008918924421834297,RICCO
709,7,1,7,3.649441275097707e-13,0.0008912615034117634,QCUT
710,8,2,5,0.13050234796977941,-0.02959496767646843,RICCO
711,8,2,25,2.6998312041524307e-13,-0.029556395885862057,QCUT
712,8,2,5,0.1834469848733564,0.016693157163113606,RICCO
713,8,2,25,2.9150484353210414e-13,0.016662590143892878,QCUT
714,8,2,5,15.253135891661413,0.00012770491801143528,RICCO
715,8,2,25,9.393482582713408e-12,0.00011080385537749413,QCUT
716,8,2,5,0.2464139662109679,0.05064363313809844,RICCO
717,8,2,25,1.3735176322399605e-14,0.050519146904515075,QCUT
718,8,2,5,0.030585426325167225,-0.01881667960310868,RICCO
719,8,2,25,3.5043193185853624e-13,-0.018810926201134285,QCUT
720,8,2,5,7.562717352022687,0.004942582942606022,RICCO
721,8,2,25,2.595454662098634e-13,0.005346958284600939,QCUT
722,8,2,5,0.08866923194056539,-0.03499382140031303,RICCO
723,8,2,25,5.95394811705949e-14,-0.03496282013623345,QCUT
724,8,2,5,0.006791093094638139,-0.11586141253848627,RICCO
725,8,2,25,1.1977107002484896e-14,-0.11586928132924941,QCUT
726,7,1,3,0.0015789932702691654,-0.10927124415457623,RICCO
727,7,1,7,0.0,-0.10926951879622798,QCUT
728,7,1,3,0.004789801024571413,-0.015515092984597368,RICCO
729,7,1,7,1.6772118937687303e-13,-0.015514349878107925,QCUT
730,7,1,3,0.005175804339242822,-0.07654096527383744,RICCO
731,7,1,7,5.43963851721968e-14,-0.07653700386827014,QCUT
732,7,1,3,0.0030352608304257418,0.11616311593695176,RICCO
733,7,1,7,4.778869410632683e-14,0.11615959019040999,QCUT
734,8,2,5,0.3722473198285537,0.028577761400761046,RICCO
735,8,2,25,1.2095181215173991e-13,0.02868453882775257,QCUT
736,8,2,5,0.04553468930566596,0.019023395226541007,RICCO
737,8,2,25,2.3719923421984356e-13,0.01901473692515989,QCUT
738,8,2,5,0.13377806024238065,-0.009628256942432942,RICCO
739,8,2,25,2.5190062227101794e-13,-0.009641154692165064,QCUT
740,7,1,3,0.0010366344223126964,0.04955341738545429,RICCO
741,7,1,7,8.401626776579836e-14,0.0495539310785615,QCUT
742,8,2,5,0.6266770582559292,-0.027483928576686054,RICCO
743,8,2,25,2.634332242531778e-13,-0.027657250218751334,QCUT
744,8,2,5,0.024959396990236703,-0.020916350314393005,RICCO
745,8,2,25,9.949864905050963e-14,-0.020921572212658182,QCUT
746,8,2,5,1.5960916132428475,-0.07640290112134421,RICCO
747,8,2,25,1.8453867337741432e-14,-0.07520259874975865,QCUT
748,7,1,3,0.001960483224805593,0.015774595500990876,RICCO
749,7,1,7,6.598295917624952e-14,0.015774286248755126,QCUT
750,8,2,5,0.4843393917960878,-0.01259750906894461,RICCO
751,8,2,25,1.1069651408511236e-13,-0.01253678846394755,QCUT
752,7,1,3,0.0006046566885111841,-0.03790777610245534,RICCO
753,7,1,7,1.0982869332623102e-13,-0.03790754689193765,QCUT
754,8,2,5,0.00570602751655102,0.06558607557817234,RICCO
755,8,2,25,4.2321726237952806e-14,0.06558233343218073,QCUT
756,8,2,5,0.4586756509221872,0.033674960921483935,RICCO
757,8,2,25,2.0510987089876963e-14,0.03383013149733717,QCUT
758,7,1,3,0.0002636613140730356,-0.19960434768662982,RICCO
759,7,1,7,2.7810665567184415e-14,-0.1996038214085714,QCUT
760,8,2,5,4.512151695707123,0.016521787429796694,RICCO
761,8,2,25,1.0025853003364014e-13,0.017302502593991256,QCUT
762,8,2,5,0.017980859898998638,0.0697398863288482,RICCO
763,8,2,25,3.980586686920257e-14,0.06972734875195785,QCUT
764,7,1,3,0.0009176428503109397,0.12056822427009813,RICCO
765,7,1,7,1.1510425106081528e-14,0.12056711789456095,QCUT
766,7,1,3,0.003112151243426313,-0.039862524318845745,RICCO
767,7,1,7,8.703259607362509e-14,-0.03986376493950202,QCUT
768,7,1,3,0.00019912627264684894,-0.07111870440548848,RICCO
769,7,1,7,3.902718858040683e-14,-0.07111856278974527,QCUT
770,7,1,3,0.01631835167645239,0.0413822433701277,RICCO
771,7,1,7,1.3412055076367648e-13,0.04138899737227421,QCUT
772,8,2,5,0.011353106008638045,0.060091415394097944,RICCO
773,8,2,25,6.927551376606054e-14,0.060098238410814006,QCUT
774,8,2,5,0.02676716129505586,-0.08789491050304116,RICCO
775,8,2,25,9.470905451906259e-14,-0.08791844377469435,QCUT
776,8,2,5,0.0135166416006805,0.0345503058377187,RICCO
777,8,2,25,0.0,0.034545636427854076,QCUT
778,7,1,3,0.001441951987995143,-0.054573291293361234,RICCO
779,7,1,7,5.085999979092292e-14,-0.05457250438404934,QCUT
780,7,1,3,0.005013372603778009,-0.08058044087849436,RICCO
781,7,1,7,5.16694252416173e-14,-0.08057640128326728,QCUT
782,8,2,5,0.048286497859298,-0.0562092914291433,RICCO
783,8,2,25,6.175353110005754e-14,-0.05618216303019438,QCUT
784,7,1,3,0.0013491867724528483,0.03769235209888599,RICCO
785,7,1,7,9.204520146506858e-14,0.03769286064597602,QCUT
786,8,2,5,0.0021531765576048864,0.06728676433355682,RICCO
787,8,2,25,6.187318917170656e-14,0.06728821316758882,QCUT
788,7,1,3,0.001502291616528545,-0.15538125023290067,RICCO
789,7,1,7,0.0,-0.15537891598847192,QCUT
790,7,1,3,0.060735194135527894,-0.0033748971345335735,RICCO
791,7,1,7,7.971959859528283e-13,-0.0033728486283712616,QCUT
792,7,1,3,0.0017453467833774515,0.08159977669758559,RICCO
793,7,1,7,3.4013685218091936e-14,0.0816012009215211,QCUT
794,7,1,3,0.000632809135202907,0.02587011327775366,RICCO
795,7,1,7,8.046664975172756e-14,0.025869949570349528,QCUT
796,7,1,3,0.006576524452184598,0.018637404019286503,RICCO
797,7,1,7,1.3031710758500349e-13,0.018636178406456674,QCUT
798,8,2,5,15.413299821216958,-0.0004749396107287607,RICCO
799,8,2,25,1.264646006252922e-12,-0.0004115120280457005,QCUT
800,7,1,3,0.005106657485573997,0.04546487260882707,RICCO
801,7,1,7,1.5262878462580192e-14,0.04546255099206369,QCUT
802,8,2,5,0.09022259900685527,0.014503742465236334,RICCO
803,8,2,25,2.1509517709278518e-13,0.014516839935519794,QCUT
804,8,2,5,0.15865939791450548,0.04101092828897133,RICCO
805,8,2,25,2.0271332502796564e-13,0.04107609938093597,QCUT
806,7,1,3,0.002653934252335907,0.12676031205260427,RICCO
807,7,1,7,4.379105502577611e-14,0.12676367627722857,QCUT
808,7,1,3,0.0019203543761215918,-0.03605376321937888,RICCO
809,7,1,7,0.0,-0.03605307087265465,QCUT
810,7,1,3,0.0003876238019616967,0.15621625270273284,RICCO
811,7,1,7,1.7767474717027837e-14,0.15621564717370204,QCUT
812,7,1,3,0.004670839870672155,0.12843629066555645,RICCO
813,7,1,7,4.322278678445956e-14,0.12843029189227667,QCUT
814,7,1,3,0.0009288556386437236,-0.028503514616132642,RICCO
815,7,1,7,1.338907236450047e-13,-0.028503779375094556,QCUT
816,8,2,5,0.08034347757307768,-0.09341447907797186,RICCO
817,8,2,25,1.486807809906701e-14,-0.09333948688825698,QCUT
818,7,1,3,0.0006953268194707049,0.043883381881166444,RICCO
819,7,1,7,1.581201210678547e-14,0.043883687016211634,QCUT
820,7,1,3,0.010537168342106407,0.009559560556909428,RICCO
821,7,1,7,3.6296778630808313e-13,0.009558553356051196,QCUT
822,8,2,5,0.38807147206520987,0.07924099357226261,RICCO
823,8,2,25,3.516271797007588e-14,0.07893467063396359,QCUT
824,8,2,5,0.015965878487590852,0.09337870601012713,RICCO
825,8,2,25,1.486420631813778e-14,0.09336379965932214,QCUT
826,7,1,3,0.0009358102390878934,-0.15151952769464433,RICCO
827,7,1,7,0.0,-0.151518109772659,QCUT
828,7,1,3,0.0023627304792187115,-0.05600973507245577,RICCO
829,7,1,7,7.433412611888119e-14,-0.05600841174464051,QCUT
830,8,2,5,0.09324557507149213,0.033546947324177886,RICCO
831,8,2,25,4.132968419088676e-14,0.033578257563541984,QCUT
832,8,2,5,0.012761999273647023,0.07634482159369282,RICCO
833,8,2,25,1.8175452420968894e-14,0.07635456596284639,QCUT
834,8,2,5,0.03576540972053584,0.12182898017449639,RICCO
835,8,2,25,0.0,0.12187256839792085,QCUT
836,7,1,3,0.0001182478543008339,-0.12206255364098305,RICCO
837,7,1,7,1.1369419862228106e-14,-0.12206240930480315,QCUT
838,7,1,3,3.233278277186237e-05,-0.12163023434421454,RICCO
839,7,1,7,2.2819642451095145e-14,-0.12163019501778782,QCUT
840,8,2,5,0.04566107982180014,0.09880008681361033,RICCO
841,8,2,25,2.807983577223973e-14,0.09884522060869252,QCUT
842,8,2,5,0.1611055947048995,0.024994082337766607,RICCO
843,8,2,25,2.502618612136767e-13,0.024953880240603098,QCUT
844,7,1,3,0.00016217263173814233,-0.2384438797823314,RICCO
845,7,1,7,0.0,-0.23844426647367356,QCUT
846,8,2,5,0.24448958572068788,-0.06915468639272887,RICCO
847,8,2,25,8.046724396798478e-14,-0.06898602275149861,QCUT
848,7,1,3,0.0028771542757174778,0.006515452557792745,RICCO
849,7,1,7,1.3311995981241597e-13,0.00651564002280826,QCUT
850,7,1,3,0.00010794487390614354,-0.15767887934157182,RICCO
851,7,1,7,1.7602576686749764e-14,-0.157679049548023,QCUT
852,8,2,5,0.4924022382506131,-0.011956314824285084,RICCO
853,8,2,25,1.4437405539435132e-13,-0.012015479313360628,QCUT
854,7,1,3,0.010000374013645055,0.016690333877789017,RICCO
855,7,1,7,2.702060980678416e-13,0.016692003140533485,QCUT
856,7,1,3,0.003839809101098365,0.04952219007134794,RICCO
857,7,1,7,5.604889714440684e-14,0.049520288586799924,QCUT
858,7,1,3,0.01190145334803925,0.018635072709055258,RICCO
859,7,1,7,0.0,0.018632855128494732,QCUT
860,8,2,5,0.21563100286708206,0.03717137198015852,RICCO
861,8,2,25,1.3038937736178163e-13,0.037251698190551776,QCUT
862,7,1,3,0.0010082328452179837,-0.17054694384662755,RICCO
863,7,1,7,1.6274285043629658e-14,-0.17054866337426874,QCUT
864,7,1,3,0.006825145078260572,0.03416886932929515,RICCO
865,7,1,7,4.061252508804972e-14,0.03417120156337685,QCUT
866,7,1,3,4.363260384203996e-05,0.022291332954606717,RICCO
867,7,1,7,9.338460230822337e-14,0.02229134268089998,QCUT
868,8,2,5,0.008918186722501541,-0.1133782627412981,RICCO
869,8,2,25,0.0,-0.11338837492829582,QCUT
870,7,1,3,0.01630744245294007,0.029433051721391,RICCO
871,7,1,7,5.89475526164493e-14,0.029428252726012783,QCUT
872,7,1,3,0.0031865055867809624,-0.055657597872267324,RICCO
873,7,1,7,9.973370121490885e-14,-0.05565937146124845,QCUT
874,8,2,5,0.09677762482429117,0.1071786927443184,RICCO
875,8,2,25,1.2935740173161289e-14,0.10728251821730078,QCUT
876,8,2,5,3.146673834940631,-0.0038482474295869137,RICCO
877,8,2,25,1.2224745855294627e-12,-0.003973273383537392,QCUT
878,7,1,3,0.0023352765735653283,0.09923474501427154,RICCO
879,7,1,7,8.390688395132804e-14,0.09923706247414371,QCUT
880,8,2,5,13.860030778730717,-0.002763940923459003,RICCO
881,8,2,25,5.13605679056976e-13,-0.003208662538941945,QCUT
882,7,1,3,0.005592275716264851,0.10087600296581908,RICCO
883,7,1,7,0.0,0.1008703620170591,QCUT
884,8,2,5,0.09936717809508357,0.054474481135876905,RICCO
885,8,2,25,1.2750537026035214e-14,0.054420405115006204,QCUT
886,7,1,3,0.0016989785750259215,0.014980574705932725,RICCO
887,7,1,7,4.631849010998562e-13,0.014980829227011723,QCUT
888,7,1,3,0.002550655768660153,-0.05902401235041885,RICCO
889,7,1,7,4.7025409590987443e-14,-0.05902250688944209,QCUT
890,8,2,5,0.01315942712530269,-0.03074120026393505,RICCO
891,8,2,25,2.2574938398665764e-14,-0.030737155430365808,QCUT
892,8,2,5,1.3442023146596553,-0.01846323787998702,RICCO
893,8,2,25,4.634629348286838e-13,-0.018714802690942747,QCUT
894,8,2,5,0.0011463749708004115,-0.12068679469675027,RICCO
895,8,2,25,0.0,-0.12068541118940299,QCUT
896,7,1,3,0.010379432664826964,0.04170634634715067,RICCO
897,7,1,7,1.6639228149990594e-14,0.041702017914281374,QCUT
898,7,1,3,0.0007237866906361537,0.11032489380813018,RICCO
899,7,1,7,3.7737325931709694e-14,0.11032409529701181,QCUT
900,7,1,3,0.00016787720681455903,-0.06279618877864171,RICCO
901,7,1,7,2.20997665230555e-14,-0.06279608335833099,QCUT
902,7,1,3,0.000949356213235032,0.14539630832207373,RICCO
903,7,1,7,0.0,0.14539492800629097,QCUT
904,7,1,3,0.0014185221018954376,-0.06163300621946261,RICCO
905,7,1,7,9.006596821782061e-14,-0.06163388050967995,QCUT
906,8,2,5,0.13443837069776268,0.09273505473667462,RICCO
907,8,2,25,1.494486715444377e-14,0.09285989406528765,QCUT
908,8,2,5,0.08806737759596965,-0.014734492510574196,RICCO
909,8,2,25,6.11668022916131e-13,-0.014747480229673864,QCUT
910,7,1,3,0.005064516654180867,-0.04373183747097755,RICCO
911,7,1,7,1.1107403687221845e-13,-0.04372962277694925,QCUT
912,8,2,5,0.11342415246406493,0.034572823340687016,RICCO
913,8,2,25,2.0093135631572265e-13,0.03453365383650801,QCUT
914,8,2,5,0.045521161401003984,0.11070307195571501,RICCO
915,8,2,25,2.506067850253809e-14,0.11075348822984933,QCUT
916,8,2,5,1.2867794277095308,0.08653121740013175,RICCO
917,8,2,25,3.248853939347256e-14,0.08543189732070694,QCUT
918,7,1,3,0.0028037460424352287,-0.05492691818268142,RICCO
919,7,1,7,5.053324440881053e-14,-0.05492537821456346,QCUT
920,7,1,3,5.6033906871614543e-05,0.18182715388435197,RICCO
921,7,1,7,4.5794465637100227e-14,0.1818270519995509,QCUT
922,8,2,5,0.07280855820344699,-0.13947146579148073,RICCO
923,8,2,25,1.9886051260598605e-14,-0.13957308694372447,QCUT
924,8,2,5,3.020762985831831,-0.011767893586272551,RICCO
925,8,2,25,3.6447481735838173e-13,-0.0114228367614507,QCUT
926,7,1,3,0.006961008574158102,-0.012027605702394136,RICCO
927,7,1,7,4.3271560603654835e-14,-0.012026768518006409,QCUT
928,8,2,5,2.2806656650308397,-0.007914879377664292,RICCO
929,8,2,25,4.2834771128937205e-14,-0.008099604271282814,QCUT
930,8,2,5,0.08490000916996122,-0.06959222383345261,RICCO
931,8,2,25,1.992464790014042e-14,-0.06965135784264803,QCUT
932,8,2,5,0.38693816198719516,0.043744912509380396,RICCO
933,8,2,25,1.5923550266439684e-14,0.04357629917827793,QCUT
934,8,2,5,0.013157659070585404,0.16806901186022885,RICCO
935,8,2,25,1.651656500647894e-14,0.16804690082194,QCUT
936,8,2,5,0.20783507901307954,0.02949805998212365,RICCO
937,8,2,25,1.5258315611634275e-13,0.029559494981875052,QCUT
938,8,2,5,0.04071145673248204,-0.05991670825417252,RICCO
939,8,2,25,4.6304739904564486e-14,-0.05994111115370486,QCUT
940,7,1,3,0.004793176077708357,0.039106828089712414,RICCO
941,7,1,7,1.0646570181643568e-13,0.03910495372042553,QCUT
942,8,2,5,1.6384130768884881,-0.005940476033379891,RICCO
943,8,2,25,1.3356091852850355e-13,-0.005844715451121797,QCUT
944,8,2,5,0.07780721796358159,-0.01463489138394337,RICCO
945,8,2,25,3.440143281197772e-13,-0.014623513235126532,QCUT
946,7,1,3,0.017947635021220498,-0.008354688533870731,RICCO
947,7,1,7,4.1534398578257e-13,-0.00835318933393648,QCUT
948,7,1,3,0.005547799721386922,0.043724524146238244,RICCO
949,7,1,7,4.7606068334313717e-14,0.04372695002985019,QCUT
950,8,2,5,0.6304687133423635,0.00857120082812612,RICCO
951,8,2,25,6.43564092085195e-13,0.008625582426669887,QCUT
952,7,1,3,0.0006603939066851607,0.11974852663570432,RICCO
953,7,1,7,0.0,0.11974931745290007,QCUT
954,7,1,3,0.00035930507508708583,0.29335396050883034,RICCO
955,7,1,7,0.0,0.29335290647694945,QCUT
956,7,1,3,0.00043354809117157546,-0.1943208038321262,RICCO
957,7,1,7,2.8566632840649e-14,-0.19432164630991444,QCUT
958,7,1,3,0.0022016702031044714,0.10301393940159488,RICCO
959,7,1,7,1.3472053812863512e-14,0.1030116714243194,QCUT
960,7,1,3,0.002715549725438732,-0.12370916065833255,RICCO
961,7,1,7,3.365514225184841e-14,-0.12370580136578317,QCUT
962,8,2,5,0.19295231830230994,0.05219851132601773,RICCO
963,8,2,25,3.9956786988448494e-14,0.05209798705221163,QCUT
964,7,1,3,0.007177643707355508,-0.0392555359185628,RICCO
965,7,1,7,1.0606491732608004e-13,-0.039252718498283504,QCUT
966,8,2,5,0.03874843942059098,0.04586439810901257,RICCO
967,8,2,25,4.540503900547638e-14,0.045846633254099704,QCUT
968,7,1,3,0.015711567677371314,-0.018945671368452058,RICCO
969,7,1,7,3.6630974843548276e-14,-0.018942695174079857,QCUT
970,8,2,5,0.0717742614088018,0.03597970159917271,RICCO
971,8,2,25,1.929942143799314e-14,0.035953895955902676,QCUT
972,8,2,5,0.2524921774120412,0.012079487977518049,RICCO
973,8,2,25,8.594785332560591e-14,0.012110064944181636,QCUT
974,7,1,3,0.001597050660709201,0.12800884072981994,RICCO
975,7,1,7,2.168289215649997e-14,0.1280067963964323,QCUT
976,8,2,5,0.6169088416160265,0.010210070139783933,RICCO
977,8,2,25,8.442752056904094e-13,0.010273447948517242,QCUT
978,8,2,5,0.09679197394439372,-0.005627988992045793,RICCO
979,8,2,25,4.936477456585766e-13,-0.005622546817994681,QCUT
980,8,2,5,0.19980785238343576,0.07755977887318279,RICCO
981,8,2,25,3.571453941529004e-14,0.07771505966487766,QCUT
982,8,2,5,0.013719676792615097,-0.04219072973559418,RICCO
983,8,2,25,1.480387124634663e-13,-0.042184942097883135,QCUT
984,8,2,5,0.11247895927618722,0.06617783856462377,RICCO
985,8,2,25,1.0473429260598335e-13,0.06625235852799191,QCUT
986,7,1,3,0.03976102324314428,-0.004279202436485351,RICCO
987,7,1,7,9.320142347067924e-13,-0.0042809045679455884,QCUT
988,7,1,3,0.0006676531751616726,-0.07513016160118871,RICCO
989,7,1,7,3.6943566119218416e-14,-0.07512965999562829,QCUT
990,7,1,3,0.0004734654022897214,-0.14801670151570126,RICCO
991,7,1,7,0.0,-0.14801740232689065,QCUT
992,8,2,5,1.458837509106249,-0.09026189326084538,RICCO
993,8,2,25,1.5150727444105247e-14,-0.09159816159991671,QCUT
994,7,1,3,0.04574278539232082,-0.006028118119555299,RICCO
995,7,1,7,2.1592770982500313e-13,-0.006025361951168852,QCUT
996,8,2,5,0.9709341607071348,-0.05061704741500521,RICCO
997,8,2,25,0.0,-0.05111332413975102,QCUT
998,7,1,3,0.004938338260776957,-0.023345255572585082,RICCO
999,7,1,7,0.0,-0.02334410276182676,QCUT
